date,year,month,pna,nao,pdo,amo,enso_soi,mei,ao
2010-01-01,2010,1,0.960,-1.800,0.101,0.390,-1.100,0.930,-2.587
2010-02-01,2010,2,0.480,-2.690,0.269,0.430,-1.500,1.280,-4.266
2010-03-01,2010,3,1.680,-1.330,-0.045,0.520,-0.700,1.330,-0.432
2010-04-01,2010,4,1.260,-0.930,0.029,0.700,1.200,0.490,-0.275
2010-05-01,2010,5,-0.730,-1.330,-0.055,0.750,0.900,-0.120,-0.919
2010-06-01,2010,6,-0.100,-0.520,-0.773,0.880,0.400,-1.290,-0.013
2010-07-01,2010,7,0.890,-0.390,-1.553,0.830,1.800,-2.420,0.435
2010-08-01,2010,8,1.070,-1.690,-1.671,0.910,1.800,-2.380,-0.117
2010-09-01,2010,9,1.070,-0.620,-1.814,0.670,2.200,-2.260,-0.865
2010-10-01,2010,10,2.150,-0.500,-1.307,0.600,1.700,-2.160,-0.467
2010-11-01,2010,11,-0.810,-1.840,-1.272,0.630,1.300,-2.010,-0.376
2010-12-01,2010,12,-2.080,-1.800,-1.849,0.430,2.900,-1.850,-2.631
2011-01-01,2011,1,1.000,-1.530,-1.576,0.420,2.300,-1.770,-1.683
2011-02-01,2011,2,-2.410,0.350,-1.172,0.360,2.700,-1.590,1.575
2011-03-01,2011,3,0.380,0.240,-1.074,0.300,2.500,-1.750,1.424
2011-04-01,2011,4,-1.780,2.550,-0.974,0.400,1.900,-1.690,2.275
2011-05-01,2011,5,0.250,-0.010,-1.057,0.410,0.400,-1.240,-0.035
2011-06-01,2011,6,0.350,-0.980,-1.611,0.500,0.200,-1.030,-0.858
2011-07-01,2011,7,-0.750,-1.480,-2.342,0.380,1.000,-0.750,-0.472
2011-08-01,2011,8,1.400,-1.850,-2.170,0.440,0.400,-0.810,-1.063
2011-09-01,2011,9,-0.390,0.670,-1.943,0.430,1.000,-1.080,0.665
2011-10-01,2011,10,0.860,0.940,-1.620,0.490,0.800,-1.300,0.800
2011-11-01,2011,11,-0.760,1.300,-2.676,0.330,1.100,-1.140,1.459
2011-12-01,2011,12,0.060,2.250,-2.367,0.330,2.500,-1.180,2.221
2012-01-01,2012,1,0.130,0.860,-1.811,0.380,1.100,-1.070,-0.220
2012-02-01,2012,2,0.700,0.030,-1.260,0.340,0.500,-0.680,-0.036
2012-03-01,2012,3,-0.190,0.930,-1.432,0.370,0.700,-0.590,1.037
2012-04-01,2012,4,-0.090,0.370,-0.680,0.410,-0.300,-0.380,-0.035
2012-05-01,2012,5,-0.290,-0.790,-1.540,0.470,0.000,-0.320,0.168
2012-06-01,2012,6,-0.420,-2.250,-1.396,0.580,-0.400,-0.280,-0.672
2012-07-01,2012,7,-0.570,-1.290,-1.936,0.640,-0.000,0.340,0.168
2012-08-01,2012,8,-0.200,-1.390,-1.938,0.740,-0.200,-0.020,0.014
2012-09-01,2012,9,-0.390,-0.430,-2.235,0.810,0.200,-0.290,0.772
2012-10-01,2012,10,-1.130,-1.730,-0.816,0.760,0.300,-0.190,-1.514
2012-11-01,2012,11,-1.060,-0.740,-0.665,0.560,0.300,-0.030,-0.111
2012-12-01,2012,12,-1.310,0.070,-1.173,0.550,-0.600,-0.030,-1.749
2013-01-01,2013,1,0.050,-0.110,-0.997,0.540,-0.100,-0.060,-0.610
2013-02-01,2013,2,0.300,-0.960,-1.209,0.440,-0.200,-0.080,-1.007
2013-03-01,2013,3,-0.260,-2.090,-1.114,0.440,1.500,-0.130,-3.185
2013-04-01,2013,4,-1.760,0.600,-0.603,0.370,0.200,-0.350,0.322
2013-05-01,2013,5,-0.240,0.580,-0.325,0.370,0.800,-0.680,0.494
2013-06-01,2013,6,-0.350,0.830,-1.124,0.330,1.200,-1.140,0.549
2013-07-01,2013,7,-0.710,0.700,-1.258,0.530,0.800,-0.790,-0.011
2013-08-01,2013,8,-0.060,1.120,-1.226,0.500,0.200,-0.450,0.154
2013-09-01,2013,9,0.410,0.380,-0.731,0.610,0.300,-0.330,-0.461
2013-10-01,2013,10,-0.210,-0.880,-1.288,0.780,-0.100,-0.130,0.263
2013-11-01,2013,11,-1.140,0.810,-0.873,0.570,0.700,-0.160,2.029
2013-12-01,2013,12,-1.160,0.790,-1.169,0.400,0.100,-0.330,1.475
2014-01-01,2014,1,0.590,-0.170,-0.573,0.330,1.400,-0.500,-0.969
2014-02-01,2014,2,-1.570,1.070,-0.308,0.270,0.100,-0.420,0.044
2014-03-01,2014,3,-0.500,0.440,0.426,0.200,-0.900,-0.050,1.206
2014-04-01,2014,4,-0.000,0.190,0.536,0.200,0.800,-0.170,0.972
2014-05-01,2014,5,-0.590,-0.800,1.272,0.200,0.500,-0.170,0.464
2014-06-01,2014,6,-1.440,-0.670,-0.363,0.290,0.200,0.000,-0.507
2014-07-01,2014,7,0.500,0.210,0.316,0.480,-0.200,0.410,-0.489
2014-08-01,2014,8,1.350,-2.280,0.305,0.590,-0.700,0.230,-0.372
2014-09-01,2014,9,0.780,1.720,0.443,0.600,-0.700,-0.100,0.102
2014-10-01,2014,10,1.140,-0.870,0.990,0.720,-0.600,0.110,-1.134
2014-11-01,2014,11,0.640,0.580,1.005,0.500,-0.900,0.370,-0.530
2014-12-01,2014,12,0.370,1.630,1.514,0.490,-0.600,0.350,0.413
2015-01-01,2015,1,0.140,1.570,1.319,0.410,-0.800,0.230,1.092
2015-02-01,2015,2,0.490,1.050,1.438,0.310,0.200,0.060,1.043
2015-03-01,2015,3,-0.520,1.120,1.326,0.260,-0.700,0.150,1.837
2015-04-01,2015,4,-0.390,0.640,0.856,0.290,-0.000,0.310,1.216
2015-05-01,2015,5,-0.050,0.190,0.381,0.410,-0.700,0.950,0.763
2015-06-01,2015,6,-0.070,0.240,0.660,0.400,-0.600,1.900,0.427
2015-07-01,2015,7,0.290,-3.140,1.416,0.390,-1.100,1.790,-1.108
2015-08-01,2015,8,0.050,-1.100,0.907,0.480,-1.400,1.950,-0.689
2015-09-01,2015,9,-0.800,-0.490,1.019,0.710,-1.600,2.240,-0.165
2015-10-01,2015,10,2.120,0.990,0.820,0.720,-1.700,2.150,-0.250
2015-11-01,2015,11,-0.200,1.700,-0.068,0.630,-0.500,1.930,1.945
2015-12-01,2015,12,0.470,1.990,-0.081,0.600,-0.600,1.930,1.444
2016-01-01,2016,1,1.940,-0.370,0.547,0.720,-2.200,1.930,-1.449
2016-02-01,2016,2,1.680,1.350,1.116,0.640,-2.000,1.800,-0.024
2016-03-01,2016,3,0.410,0.370,1.572,0.610,-0.100,1.320,0.280
2016-04-01,2016,4,0.600,0.260,1.736,0.530,-1.200,1.320,-1.051
2016-05-01,2016,5,-0.850,-0.670,1.593,0.630,0.400,1.240,-0.036
2016-06-01,2016,6,-0.640,-0.130,0.983,0.660,0.600,0.350,0.312
2016-07-01,2016,7,0.530,-1.720,0.549,0.680,0.400,-0.540,0.848
2016-08-01,2016,8,-0.910,-2.240,-0.093,0.780,0.700,-0.260,0.472
2016-09-01,2016,9,0.110,0.740,-0.317,0.780,1.200,-0.290,0.781
2016-10-01,2016,10,1.530,0.960,-0.343,0.770,-0.300,-0.530,-0.192
2016-11-01,2016,11,1.440,-0.310,0.658,0.760,-0.100,-0.470,-0.611
2016-12-01,2016,12,-0.650,0.350,-0.022,0.720,0.300,-0.370,0.179
2017-01-01,2017,1,-0.290,0.050,-0.306,0.740,0.200,-0.420,0.942
2017-02-01,2017,2,-0.050,0.690,0.024,0.690,-0.100,-0.410,0.340
2017-03-01,2017,3,-0.030,0.370,0.033,0.570,0.900,-0.580,1.365
2017-04-01,2017,4,0.140,1.740,0.377,0.690,-0.200,-0.190,-0.089
2017-05-01,2017,5,-0.190,-1.720,0.295,0.620,0.300,0.200,-0.730
2017-06-01,2017,6,1.180,0.350,0.132,0.670,-0.400,-0.230,0.402
2017-07-01,2017,7,1.330,1.280,-0.421,0.750,0.800,-0.630,0.634
2017-08-01,2017,8,0.200,-1.530,-0.277,0.750,0.500,-0.720,0.150
2017-09-01,2017,9,-0.320,-0.450,0.070,0.770,0.600,-0.730,-0.492
2017-10-01,2017,10,-0.280,0.710,-0.518,0.880,0.900,-0.590,0.690
2017-11-01,2017,11,-1.980,-0.140,-0.594,0.910,0.900,-0.620,-0.078
2017-12-01,2017,12,0.580,0.730,-0.295,0.880,-0.100,-0.740,-0.059
2018-01-01,2018,1,-0.140,1.170,0.038,0.680,1.100,-0.790,-0.281
2018-02-01,2018,2,-1.670,1.340,-0.329,0.490,-0.500,-0.710,0.113
2018-03-01,2018,3,-1.160,-1.380,-0.778,0.420,1.500,-0.800,-0.941
2018-04-01,2018,4,-1.120,1.200,-0.530,0.370,0.500,-1.320,0.544
2018-05-01,2018,5,-1.090,2.020,-0.431,0.330,0.400,-0.940,0.118
2018-06-01,2018,6,0.660,1.410,-0.769,0.250,-0.100,-0.510,0.380
2018-07-01,2018,7,-0.760,1.420,-0.191,0.390,0.200,-0.050,0.612
2018-08-01,2018,8,1.240,2.400,-0.080,0.540,-0.300,0.470,0.836
2018-09-01,2018,9,1.160,1.780,-0.199,0.610,-0.900,0.620,0.585
2018-10-01,2018,10,0.390,1.530,-0.527,0.560,0.400,0.520,0.413
2018-11-01,2018,11,0.220,-0.250,-0.671,0.380,-0.100,0.330,-0.112
2018-12-01,2018,12,0.560,0.480,-0.328,0.380,1.000,0.180,0.110
2019-01-01,2019,1,0.420,0.180,-0.382,0.460,-0.000,0.090,-0.713
2019-02-01,2019,2,-1.730,-0.110,-0.497,0.500,-1.400,0.500,1.149
2019-03-01,2019,3,-0.050,0.890,-0.314,0.460,-0.300,0.760,2.116
2019-04-01,2019,4,-0.840,0.360,0.196,0.400,0.100,0.300,-0.255
2019-05-01,2019,5,-0.170,-2.380,0.326,0.370,-0.400,0.230,-1.231
2019-06-01,2019,6,0.240,-0.790,-0.003,0.580,-0.500,0.350,-0.601
2019-07-01,2019,7,0.620,-1.390,0.341,0.660,-0.400,0.300,-0.890
2019-08-01,2019,8,1.160,-1.620,0.048,0.740,-0.100,0.320,-0.722
2019-09-01,2019,9,1.620,-0.010,-0.074,0.690,-1.200,0.160,0.306
2019-10-01,2019,10,-0.970,-1.030,-1.006,0.660,-0.400,0.310,-0.082
2019-11-01,2019,11,-0.070,0.160,-0.505,0.630,-0.800,0.470,-1.193
2019-12-01,2019,12,-0.120,1.020,-0.158,0.590,-0.600,0.360,0.412
2020-01-01,2020,1,-0.950,1.050,-1.069,0.720,0.200,0.240,2.419
2020-02-01,2020,2,-0.070,0.980,-1.178,0.850,-0.100,0.260,3.417
2020-03-01,2020,3,-2.410,0.660,-1.645,0.830,-0.100,0.130,2.641
2020-04-01,2020,4,-1.380,-1.260,-1.375,0.860,0.200,-0.150,0.928
2020-05-01,2020,5,0.270,-0.330,-0.614,0.650,0.400,-0.230,-0.027
2020-06-01,2020,6,0.860,0.160,-0.987,0.720,-0.400,-0.680,-0.122
2020-07-01,2020,7,1.200,-1.190,-0.994,0.840,0.400,-0.940,-0.412
2020-08-01,2020,8,1.800,0.030,-1.322,0.870,1.100,-0.960,-0.381
2020-09-01,2020,9,0.590,1.110,-1.139,0.710,0.900,-1.150,0.631
2020-10-01,2020,10,-1.080,-0.200,-0.751,0.740,0.500,-1.170,-0.071
2020-11-01,2020,11,0.210,2.540,-1.768,0.660,0.700,-1.130,2.086
2020-12-01,2020,12,1.280,-0.370,-1.236,0.630,1.800,-1.140,-1.736
2021-01-01,2021,1,-0.410,-1.800,-0.750,0.630,1.900,-1.200,-2.484
2021-02-01,2021,2,-0.710,-0.290,-1.111,0.580,1.500,-0.960,-1.191
2021-03-01,2021,3,-1.240,0.360,-1.601,0.480,0.400,-0.790,2.109
2021-04-01,2021,4,-1.260,-1.690,-1.469,0.610,0.300,-0.950,-0.204
2021-05-01,2021,5,-1.100,-1.100,-1.725,0.580,0.500,-1.070,-0.161
2021-06-01,2021,6,0.820,1.080,-1.754,0.580,0.400,-1.050,0.845
2021-07-01,2021,7,0.110,0.060,-1.674,0.630,1.400,-1.440,0.630
2021-08-01,2021,8,0.930,-0.490,-0.895,0.690,0.600,-1.290,-0.209
2021-09-01,2021,9,0.330,-0.060,-1.857,0.840,0.800,-1.370,-0.252
2021-10-01,2021,10,1.410,-1.980,-2.805,0.960,0.700,-1.460,-0.146
2021-11-01,2021,11,0.680,-0.330,-2.521,0.920,1.000,-1.390,0.093
2021-12-01,2021,12,-2.850,0.180,-2.537,0.820,1.500,-1.200,0.198
2022-01-01,2022,1,0.650,0.740,-2.203,0.840,0.500,-1.010,0.848
2022-02-01,2022,2,0.580,1.460,-1.815,0.790,1.100,-0.980,1.544
2022-03-01,2022,3,-0.160,0.400,-1.573,0.540,1.800,-1.310,0.305
2022-04-01,2022,4,-0.960,-0.540,-1.910,0.460,1.700,-1.600,-0.603
2022-05-01,2022,5,-0.640,0.710,-2.261,0.640,1.400,-1.630,1.224
2022-06-01,2022,6,-0.220,0.190,-1.475,0.580,1.700,-1.900,-0.074
2022-07-01,2022,7,1.960,-0.060,-2.268,0.550,0.800,-2.170,0.025
2022-08-01,2022,8,0.760,1.760,-1.834,0.880,1.000,-1.750,-0.170
2022-09-01,2022,9,0.130,-1.420,-1.678,0.990,1.600,-1.730,-0.655
2022-10-01,2022,10,0.350,-0.270,-1.493,0.930,1.700,-1.720,1.346
2022-11-01,2022,11,-0.710,0.590,-2.214,0.830,0.300,-1.530,0.339
2022-12-01,2022,12,-0.960,-0.220,-1.990,0.700,2.100,-1.270,-2.719
2023-01-01,2023,1,-0.370,0.950,-1.104,0.760,1.400,-1.110,-0.674
2023-02-01,2023,2,-1.150,0.600,-1.479,0.740,1.400,-0.910,1.600
2023-03-01,2023,3,-1.890,-1.570,-2.004,0.880,0.200,-0.760,0.280
2023-04-01,2023,4,-0.650,-0.830,-2.553,0.940,0.200,-0.360,-0.973
2023-05-01,2023,5,-0.670,0.410,-1.919,1.070,-1.000,-0.060,1.134
2023-06-01,2023,6,0.840,-0.280,-2.268,1.270,0.300,0.430,-0.286
2023-07-01,2023,7,0.650,-2.140,-2.196,1.440,-0.300,0.510,-0.154
2023-08-01,2023,8,0.420,-1.620,-1.976,1.360,-0.800,0.510,-0.602
2023-09-01,2023,9,0.840,-0.280,-2.464,1.430,-1.300,0.690,0.318
2023-10-01,2023,10,1.490,-1.700,-1.971,1.380,-0.500,0.480,-0.414
2023-11-01,2023,11,0.510,-0.470,-1.731,1.130,-0.800,0.910,-0.036
2023-12-01,2023,12,0.910,1.700,-1.705,1.020,-0.200,1.130,-0.221
2024-01-01,2024,1,-0.080,-0.270,-1.357,1.080,0.500,0.700,-0.210
2024-02-01,2024,2,-0.180,0.790,-1.182,1.170,-1.400,0.680,0.635
2024-03-01,2024,3,0.150,-0.630,-1.179,1.190,0.400,0.780,-0.610
2024-04-01,2024,4,-0.880,-0.990,-1.655,1.140,-0.200,0.340,0.465
2024-05-01,2024,5,-2.330,-0.360,-2.636,1.380,0.500,0.120,-0.048
2024-06-01,2024,6,1.140,0.220,-2.780,1.390,0.000,-0.240,0.136
2024-07-01,2024,7,2.010,1.480,-2.180,1.320,-0.700,-0.720,0.587
2024-08-01,2024,8,-1.040,0.690,-1.983,1.260,0.900,-0.730,1.284
2024-09-01,2024,9,1.080,-1.250,-2.760,1.220,-0.100,-0.650,-0.624
2024-10-01,2024,10,0.200,0.100,-3.095,1.250,0.500,-0.510,0.525
2024-11-01,2024,11,0.050,-0.380,-2.880,1.150,0.500,-0.680,-0.037
2024-12-01,2024,12,1.390,1.030,-1.970,1.110,1.200,-0.910,-0.335
2025-01-01,2025,1,0.700,-1.120,-1.228,0.980,0.200,-1.000,-0.069
2025-02-01,2025,2,1.590,1.360,-1.290,0.860,0.500,-0.830,-0.864
2025-03-01,2025,3,-0.390,-0.090,-1.077,0.750,1.700,-0.680,0.556
2025-04-01,2025,4,-1.080,0.050,-1.089,0.670,0.500,-0.380,0.268
2025-05-01,2025,5,-1.380,0.500,-1.617,0.730,0.400,-0.360,0.904
2025-06-01,2025,6,-1.070,1.010,-2.741,0.780,0.300,-1.170,
2025-07-01,2025,7,0.270,0.510,-3.714,0.880,0.600,-1.220,
2025-08-01,2025,8,-0.390,0.210,-2.805,0.830,0.400,-0.870,
2025-09-01,2025,9,0.630,-0.630,-2.075,0.760,0.000,-1.120,
2025-10-01,2025,10,1.730,-0.530,-2.276,1.010,1.100,-1.190,
2025-11-01,2025,11,0.740,-0.960,-1.678,0.960,1.100,-1.060,
2025-12-01,2025,12,-1.710,-0.690,-1.223,0.750,-0.000,-0.770,
